年齢,性別,分類,必要量
1-2,男性,乳類,250
1-2,男性,チーズ,5
1-2,男性,卵類,50
1-2,男性,肉類,20
1-2,男性,魚介類,20
1-2,男性,豆類,35
1-2,男性,野菜類,60
1-2,男性,いも及びでん粉類,50
1-2,男性,きのこ類,50
1-2,男性,藻類,10
1-2,男性,果実類,100
1-2,男性,穀物,120
1-2,女性,乳類,250
1-2,女性,チーズ,5
1-2,女性,卵類,50
1-2,女性,肉類,20
1-2,女性,魚介類,20
1-2,女性,豆類,35
1-2,女性,野菜類,60
1-2,女性,いも及びでん粉類,50
1-2,女性,きのこ類,50
1-2,女性,藻類,10
1-2,女性,果実類,100
1-2,女性,穀物,90
3-5,男性,乳類,300
3-5,男性,チーズ,5
3-5,男性,卵類,50
3-5,男性,肉類,25
3-5,男性,魚介類,25
3-5,男性,豆類,40
3-5,男性,野菜類,100
3-5,男性,いも及びでん粉類,50
3-5,男性,きのこ類,50
3-5,男性,藻類,10
3-5,男性,果実類,100
3-5,男性,穀物,170
3-5,女性,乳類,300
3-5,女性,チーズ,5
3-5,女性,卵類,50
3-5,女性,肉類,25
3-5,女性,魚介類,25
3-5,女性,豆類,40
3-5,女性,野菜類,100
3-5,女性,いも及びでん粉類,50
3-5,女性,きのこ類,50
3-5,女性,藻類,10
3-5,女性,果実類,100
3-5,女性,穀物,140
6-7,男性,乳類,300
6-7,男性,チーズ,5
6-7,男性,卵類,50
6-7,男性,肉類,50
6-7,男性,魚介類,50
6-7,男性,豆類,60
6-7,男性,野菜類,200
6-7,男性,いも及びでん粉類,50
6-7,男性,きのこ類,50
6-7,男性,藻類,10
6-7,男性,果実類,100
6-7,男性,穀物,210
6-7,女性,乳類,300
6-7,女性,チーズ,5
6-7,女性,卵類,50
6-7,女性,肉類,40
6-7,女性,魚介類,40
6-7,女性,豆類,60
6-7,女性,野菜類,200
6-7,女性,いも及びでん粉類,50
6-7,女性,きのこ類,50
6-7,女性,藻類,10
6-7,女性,果実類,100
6-7,女性,穀物,170
8-9,男性,乳類,350
8-9,男性,チーズ,10
8-9,男性,卵類,50
8-9,男性,肉類,55
8-9,男性,魚介類,55
8-9,男性,豆類,80
8-9,男性,野菜類,290
8-9,男性,いも及びでん粉類,50
8-9,男性,きのこ類,50
8-9,男性,藻類,10
8-9,男性,果実類,150
8-9,男性,穀物,250
8-9,女性,乳類,350
8-9,女性,チーズ,10
8-9,女性,卵類,50
8-9,女性,肉類,50
8-9,女性,魚介類,50
8-9,女性,豆類,80
8-9,女性,野菜類,290
8-9,女性,いも及びでん粉類,50
8-9,女性,きのこ類,50
8-9,女性,藻類,10
8-9,女性,果実類,150
8-9,女性,穀物,230
10-11,男性,乳類,400
10-11,男性,チーズ,10
10-11,男性,卵類,50
10-11,男性,肉類,65
10-11,男性,魚介類,65
10-11,男性,豆類,80
10-11,男性,野菜類,290
10-11,男性,いも及びでん粉類,100
10-11,男性,きのこ類,50
10-11,男性,藻類,10
10-11,男性,果実類,150
10-11,男性,穀物,300
10-11,女性,乳類,400
10-11,女性,チーズ,10
10-11,女性,卵類,50
10-11,女性,肉類,55
10-11,女性,魚介類,55
10-11,女性,豆類,80
10-11,女性,野菜類,290
10-11,女性,いも及びでん粉類,100
10-11,女性,きのこ類,50
10-11,女性,藻類,10
10-11,女性,果実類,150
10-11,女性,穀物,280
12-14,男性,乳類,400
12-14,男性,チーズ,10
12-14,男性,卵類,50
12-14,男性,肉類,70
12-14,男性,魚介類,70
12-14,男性,豆類,80
12-14,男性,野菜類,290
12-14,男性,いも及びでん粉類,100
12-14,男性,きのこ類,50
12-14,男性,藻類,10
12-14,男性,果実類,150
12-14,男性,穀物,360
12-14,女性,乳類,350
12-14,女性,チーズ,10
12-14,女性,卵類,50
12-14,女性,肉類,60
12-14,女性,魚介類,60
12-14,女性,豆類,80
12-14,女性,野菜類,290
12-14,女性,いも及びでん粉類,100
12-14,女性,きのこ類,50
12-14,女性,藻類,10
12-14,女性,果実類,150
12-14,女性,穀物,300
15-17,男性,乳類,400
15-17,男性,チーズ,10
15-17,男性,卵類,50
15-17,男性,肉類,70
15-17,男性,魚介類,70
15-17,男性,豆類,80
15-17,男性,野菜類,290
15-17,男性,いも及びでん粉類,100
15-17,男性,きのこ類,50
15-17,男性,藻類,10
15-17,男性,果実類,150
15-17,男性,穀物,400
15-17,女性,乳類,350
15-17,女性,チーズ,10
15-17,女性,卵類,50
15-17,女性,肉類,55
15-17,女性,魚介類,55
15-17,女性,豆類,80
15-17,女性,野菜類,290
15-17,女性,いも及びでん粉類,100
15-17,女性,きのこ類,50
15-17,女性,藻類,10
15-17,女性,果実類,150
15-17,女性,穀物,270
18-26,男性,乳類,300
18-26,男性,チーズ,10
18-26,男性,卵類,40
18-26,男性,肉類,60
18-26,男性,魚介類,60
18-26,男性,豆類,80
18-26,男性,野菜類,290
18-26,男性,いも及びでん粉類,50
18-26,男性,きのこ類,50
18-26,男性,藻類,10
18-26,男性,果実類,150
18-26,男性,穀物,350
18-26,女性,乳類,200
18-26,女性,チーズ,10
18-26,女性,卵類,40
18-26,女性,肉類,50
18-26,女性,魚介類,50
18-26,女性,豆類,80
18-26,女性,野菜類,290
18-26,女性,いも及びでん粉類,50
18-26,女性,きのこ類,50
18-26,女性,藻類,10
18-26,女性,果実類,150
18-26,女性,穀物,240
30-49,男性,乳類,200
30-49,男性,チーズ,5
30-49,男性,卵類,40
30-49,男性,肉類,60
30-49,男性,魚介類,60
30-49,男性,豆類,80
30-49,男性,野菜類,290
30-49,男性,いも及びでん粉類,50
30-49,男性,きのこ類,50
30-49,男性,藻類,10
30-49,男性,果実類,150
30-49,男性,穀物,350
30-49,女性,乳類,200
30-49,女性,チーズ,5
30-49,女性,卵類,40
30-49,女性,肉類,50
30-49,女性,魚介類,50
30-49,女性,豆類,80
30-49,女性,野菜類,290
30-49,女性,いも及びでん粉類,50
30-49,女性,きのこ類,50
30-49,女性,藻類,10
30-49,女性,果実類,150
30-49,女性,穀物,290
50-69,男性,乳類,200
50-69,男性,チーズ,5
50-69,男性,卵類,40
50-69,男性,肉類,60
50-69,男性,魚介類,60
50-69,男性,豆類,80
50-69,男性,野菜類,290
50-69,男性,いも及びでん粉類,50
50-69,男性,きのこ類,50
50-69,男性,藻類,10
50-69,男性,果実類,150
50-69,男性,穀物,300
50-69,女性,乳類,200
50-69,女性,チーズ,5
50-69,女性,卵類,40
50-69,女性,肉類,50
50-69,女性,魚介類,50
50-69,女性,豆類,80
50-69,女性,野菜類,290
50-69,女性,いも及びでん粉類,50
50-69,女性,きのこ類,50
50-69,女性,藻類,10
50-69,女性,果実類,150
50-69,女性,穀物,210
70-,男性,乳類,200
70-,男性,チーズ,5
70-,男性,卵類,40
70-,男性,肉類,60
70-,男性,魚介類,60
70-,男性,豆類,80
70-,男性,野菜類,290
70-,男性,いも及びでん粉類,50
70-,男性,きのこ類,50
70-,男性,藻類,10
70-,男性,果実類,150
70-,男性,穀物,210
70-,女性,乳類,200
70-,女性,チーズ,5
70-,女性,卵類,40
70-,女性,肉類,50
70-,女性,魚介類,50
70-,女性,豆類,80
70-,女性,野菜類,290
70-,女性,いも及びでん粉類,50
70-,女性,きのこ類,50
70-,女性,藻類,10
70-,女性,果実類,150
70-,女性,穀物,150