classification,ingredient,energy,water,protein,lipid,carbohydrate,unit,yomi
穀物,あわ,346,13.3,11.2,4.4,69.7,"大さじ,小さじ",あわ
穀物,うどん,249,33.5,6.1,0.6,56.8,"玉,g",うどん
穀物,そうめん・ひやむぎ,333,12.5,9.5,1.1,72.7,"束,g",そうめん・ひやむぎ
穀物,餃子の皮,275,32,9.3,1.4,57,枚,ぎょうざのかわ
穀物,パン粉,277,35,11,5.1,47.6,"cc,g",ぱんこ
穀物,ピザ生地,265,35.3,9.1,3,51.1,g,ぴざ
穀物,春巻きの皮,288,26.7,8.3,1.6,62.2,枚,はるまき
穀物,冷麺,249,36.4,3.9,0.7,57.6,玉,れいめん
穀物,クロワッサン,406,20,6.5,20.4,51.5,個,くろわっさん
穀物,コッペパン,273,30.6,9.2,3.8,54.7,個,こっぺぱん
穀物,ナン,257,37.2,10.3,3.4,47.6,枚,なん
穀物,バンズ,274,32.9,10.4,4.8,50.6,個,ばんず
穀物,フランスパン,289,30,9.4,1.3,57.5,個,ふらんすぱん
穀物,ベーグル,270,32.3,9.6,2,54.6,個,べーぐる
穀物,食パン,248,39.2,8.9,4.1,46.4,枚,しょくぱん
穀物,生ふ,161,60,12.7,0.8,26.2,g,なまふ
穀物,マカロニ・スパゲティ,347,11.3,12.9,1.8,73.1,g,まかろにすぱげてぃ
穀物,生パスタ,232,42,7.8,1.9,46.9,g,なまぱすた
穀物,小麦,329,12.5,10.8,3.1,72.1,g,こむぎ
穀物,強力粉,337,14.5,11.8,1.5,71.7,g,きょうりきこ
穀物,中力粉,337,14,9,1.6,75.1,g,ちゅうりきこ
穀物,薄力粉,349,14,8.3,1.5,75.8,g,はくりきこ
穀物,中華麺,249,33,8.6,1.2,55.7,玉,ちゅうかめん
穀物,ビーフン,360,11.1,7,1.6,79.9,g,びーふん
穀物,ライスペーパー,339,13.2,0.5,0.3,84.3,枚,らいすぺーぱー
穀物,米粉,356,11.1,6,0.7,81.9,g,こめこ
穀物,お餅,223,44.5,4,0.6,50.8,個,おもち
穀物,白玉粉,347,12.5,6.3,1,80,g,しらたまこ
穀物,玄米,346,14.9,6.8,2.7,74.3,合,げんまい
穀物,精白米,113,71.5,1.8,0.3,26.4,合,せいはくまい
穀物,おこめ,157,60,3.5,0.3,36.1,g,おこめ
穀物,そば　生,271,33,9.8,1.9,54.5,g,ソバ
穀物,そば　乾麺,344,14,14,2.3,66.7,g,ソバ
穀物,コーンフレーク,380,4.5,7.8,1.7,83.6,g,こーんふれーく
いも及びでん粉類,さつまいも,127,64.6,0.9,0.5,33.1,"本,g",サツマイモ
いも及びでん粉類,里芋,53,84.1,1.5,0.1,13.1,"個,g",さといもサトイモ
いも及びでん粉類,自然薯,118,68.8,2.8,0.7,26.7,g,じぜんじょジネンジョ
いも及びでん粉類,長いも,64,82.6,2.2,0.3,13.9,g,ながいもナガイモ
いも及びでん粉類,しらたき,7,96.5,0.2,0,3,g,シラタキ
いも及びでん粉類,板こんにゃく,5,97.3,0.1,0,2.3,枚,イタコンニャク
いも及びでん粉類,ジャガイモ,51,81.1,1.8,0.1,15.9,"個,g",じゃがいも
豆類,あずき,304,14.2,20.8,2,59.6,g,アズキ
豆類,インゲン豆,280,15.3,22.1,2.5,56.4,g,いんげんまめ
豆類,えんどう,310,13.4,21.7,2.3,60.4,g,エンドウ
豆類,そら豆,323,13.3,26,2,55.9,g,ソラマメ
豆類,おから,88,75.5,6.1,3.6,13.8,g,オカラ
豆類,豆乳,43,90.8,3.6,2.8,2.3,g,トウニュウとうにゅう
豆類,大豆,354,12.5,33.5,19.3,30.1,g,だいずダイズ
豆類,がんもどき,223,63.5,15.3,17.8,1.6,個,ガンモドキ
豆類,絹ごし豆腐,56,88.5,5.3,3.5,2,丁,きぬごしどうふとうふ
豆類,焼き豆腐,82,84.8,7.8,5.7,1,丁,やきどうふとうふ
豆類,生揚げ,143,75.9,10.7,11.3,0.9,枚,なまあげ
豆類,木綿豆腐,73,85.9,7,4.9,1.5,丁,もめんどうふ
豆類,油揚げ,377,39.9,23.4,34.4,0.4,枚,あぶらあげ
豆類,糸引き納豆,184,59.5,16.5,10,12.1,g,いとひきなっとう
豆類,挽きわり納豆,185,60.9,16.6,10,10.5,g,ひきわりなっとう
豆類,ひよこ豆,336,10.4,20,5.2,61.5,g,ひよこまめ
種実類,アーモンド,609,4.7,19.6,51.8,20.9,g,あーもんど
種実類,ぎんなん,168,57.4,4.7,1.6,34.8,g,ギンナン
種実類,ココナッツパウダー,676,2.5,6.1,65.8,23.7,g,ここなっつぱうだー
種実類,いりごま,605,1.6,20.3,54.2,18.5,g,イリゴマ
種実類,落花生,572,6,25.2,47,19.4,g,らっかせいラッカセイ
野菜類,カボチャ,41,86.7,1.6,0.1,10.9,g,かぼちゃ
野菜類,キャベツ,23,92.9,1.2,0.1,5.2,"個,枚,g",きゃべつ
野菜類,大根,21,93.4,2.1,0.5,3.3,g,だいこん
野菜類,たまねぎ,33,90.1,1,0.1,8.4,"個,g",タマネギ
野菜類,トウモロコシ,89,77.1,3.6,1.7,16.8,g,とうもろこし
野菜類,トマト,20,94,0.7,0.1,4.7,個,とまと
野菜類,ナス,18,93.2,1.1,0.1,5.1,個,なす
野菜類,にら,18,92.6,1.7,0.3,4,束,ニラ
野菜類,ニンジン,16,93.5,1.1,0.2,3.7,個,にんじん人参
野菜類,ニンニク,129,63.9,6.4,0.9,27.5,"個,g",にんにく
野菜類,小ネギ,26,91.3,2,0.3,5.4,本,こねぎ
野菜類,九条ネギ,32,90,1.7,0.3,7.3,本,くじょうねぎ
野菜類,ネギ,35,89.6,1.4,0.1,8.3,本,ねぎ
野菜類,ピーマン,20,93.4,0.9,0.2,5.1,個,ぴーまん
野菜類,ふき,11,95.8,0.3,0,3,"本,g",フキ
野菜類,三つ葉,16,93.8,1,0.1,4,束,ミツバ
野菜類,みようが,11,95.6,0.9,0.1,2.6,"個,本",ミョウガ
野菜類,もやし,11,96,1.6,0.1,2,"袋,g",モヤシ
野菜類,らっきょう,83,68.3,1.4,0.2,29.3,g,ラッキョウ
野菜類,レタス,11,95.9,0.6,0.1,2.8,"枚,g",れたす
野菜類,あしたば,30,88.6,3.3,0.1,6.7,"枚,g",アシタバ
野菜類,アスパラガス,21,92.6,2.6,0.2,3.9,"本,束",あすぱらがす
野菜類,アロエ,3,99,0,0.1,0.7,g,あろえ
野菜類,さやいんげん,23,92.2,1.8,0.1,5.1,"本,g",サヤインゲン
野菜類,枝豆,125,71.7,11.7,6.2,8.8,g,エダマメえだまめ
野菜類,おかひじき,16,92.5,1.4,0.2,3.4,g,オカヒジキ
野菜類,オクラ,26,90.2,2.1,0.2,6.6,"本,g",おくら
野菜類,かぶ,20,92.3,2.3,0.1,3.9,"個,g",カブ
野菜類,カリフラワー,28,90.8,3,0.1,5.2,"株,g",かりふらわー
野菜類,かんぴょう,239,19.8,6.3,0.2,68.1,g,カンピョウ
野菜類,きゅうり,13,95.4,1,0.1,3,"本,g",キュウリ
野菜類,ぎょうじゃにんにく,35,88.8,3.5,0.2,6.6,g,ぎょうじゃにんにく
野菜類,クレソン,13,94.1,2.1,0.1,2.5,g,くれそん
野菜類,ケール,26,90.2,2.1,0.4,5.6,g,けーる
野菜類,小松菜,13,94.1,1.5,0.2,2.4,"束,g",こまつなコマツナ
野菜類,しそ,32,86.7,3.9,0.1,7.5,"枚,g",シソ
野菜類,春菊,20,91.8,2.3,0.3,3.9,"束,g",しゅんぎくシュンギク
野菜類,じゅんさい,4,98.6,0.4,0,1,g,ジュンサイ
野菜類,ズッキーニ,16,94.9,1.3,0.1,2.8,"本,g",ずっきーに
野菜類,せり,17,93.4,2,0.1,3.3,"束,g",セリ
野菜類,ぜんまい,27,90.9,1.7,0.1,6.6,g,ゼンマイ
野菜類,そらまめ,102,72.3,10.9,0.2,15.5,"本,粒,g",ソラマメ
野菜類,高菜,21,92.7,1.8,0.2,4.2,"束,g",たかなタカナ
野菜類,たけのこ,27,90.8,3.6,0.2,4.3,"本,g",タケノコ
野菜類,タラの芽,27,90.2,4.2,0.2,4.3,"束,個,g",たらのめ
野菜類,青梗菜,9,96,0.6,0.1,2,"株,枚,g",ちんげんさいチンゲンサイ
野菜類,ツルムラサキ,11,95.1,0.7,0.2,2.6,g,つるむらさき
野菜類,唐辛子,32,86.7,3.4,0.1,7.2,"本,g",とうがらしトウガラシ
野菜類,とうがん,15,95.2,0.5,0.1,3.8,"株,本,g",トウガン
野菜類,なずな,35,86.8,4.3,0.1,7,g,ナズナ
野菜類,にがうり,15,94.4,1,0.1,3.9,"本,g",ニガウリ
野菜類,野沢菜,14,94,0.9,0.1,3.5,"束,株,g",のざわなノザワナ
野菜類,白菜,13,95.2,0.8,0.1,3.2,"個,枚,g",はくさいハクサイ
野菜類,バジル,21,91.5,2,0.6,4,"束,枚,g",ばじる
野菜類,パセリ,34,84.7,4,0.7,7.8,"本,g",ぱせり
野菜類,はつか大根,13,95.3,0.8,0.1,3.1,"本,g",はつかだいこん
野菜類,ビーツ,38,87.6,1.6,0.1,9.3,g,びーつ
野菜類,ブロッコリー,37,86.2,5.4,0.6,6.6,"株,個,g",ぶろっこりー
野菜類,ほうれん草,18,92.4,2.2,0.4,3.1,"束,g",ほうれんそう
野菜類,水菜,23,91.4,2.2,0.1,4.8,"束,g",みずなミズナ
野菜類,モロヘイヤ,36,86.1,4.8,0.5,6.3,"束,g",もろへいや
野菜類,ゆりね,119,66.5,3.8,0.1,28.3,"個,かけ,g",ユリネ
野菜類,よもぎ,43,83.6,5.2,0.3,8.7,g,ヨモギ
野菜類,落花生,306,50.1,12,24.2,12.4,g,らっかせいラッカセイ
野菜類,ルッコラ,17,92.7,1.9,0.4,3.1,"株,g",るっこら
野菜類,レンコン,66,81.5,1.9,0.1,15.5,"節,g",れんこん
野菜類,わけぎ,30,90.3,1.6,0,7.4,"束,g",ワケギ
野菜類,わさび,89,74.2,5.6,0.2,18.4,"本,g",ワサビ
果実類,伊予柑,50,86.7,0.9,0.1,11.8,個,いよかんイヨカン
果実類,温州ミカン,49,87.2,0.5,0.1,11.9,個,おんしゅうみかん
果実類,オレンジ,48,86.8,0.9,0.1,11.8,個,おれんじ
果実類,バレンシアオレンジ,42,88.7,1,0.1,9.8,個,ばれんしあおれんじ
果実類,かぼす,36,90.7,0.4,0.1,8.5,個,カボス
果実類,きよみ,45,88.4,0.8,0.2,10.3,個,キヨミ
果実類,きんかん,67,80.8,0.5,0.7,17.5,個,キンカン
果実類,グレープフルーツ,40,89,0.9,0.1,9.6,個,ぐれーぷふるーつ
果実類,シークヮーサー,35,90.9,0.8,0.1,7.9,個,しーくわーさー
果実類,すだち,55,80.7,1.8,0.3,16.4,個,スダチ
果実類,だいだい,35,91.2,0.3,0.2,8,個,ダイダイ
果実類,はっさく,80,79.7,0.5,0.1,19.4,個,ハッサク
果実類,なつみかん,42,88.6,0.9,0.1,10,個,ナツミカン
果実類,ぶんたん,41,89,0.7,0.1,9.8,個,ブンタン
果実類,ゆず,50,83.7,1.2,0.5,14.2,個,ユズ
果実類,ライム,39,89.8,0.4,0.1,9.3,個,らいむ
果実類,レモン,43,85.3,0.9,0.7,12.5,個,れもん
果実類,桃,38,88.7,0.6,0.1,10.2,個,ももモモ
果実類,アサイー,62,87.7,0.9,5.3,5,個,あさいー
果実類,アセロラ,36,89.9,0.7,0.1,9,個,あせろら
果実類,アボガド,176,71.3,2.1,17.5,7.9,個,あぼがど
果実類,あんず,37,89.8,1,0.3,8.5,個,アンズ
果実類,イチゴ,31,90,0.9,0.1,8.5,個,いちご
果実類,いちじく,57,84.6,0.6,0.1,14.3,個,イチジク
果実類,梅,33,90.4,0.7,0.5,7.9,個,うめウメ
果実類,オリーブ,148,75.6,1,15,4.5,個,おりーぶ
果実類,柿,63,83.1,0.4,0.2,15.9,個,かきカキ
果実類,キウイフルーツ,51,84.7,1,0.2,13.4,個,きういふるーつ
果実類,さくらんぼ,64,83.1,1,0.2,15.2,個,サクランボ
果実類,ざくろ,63,83.9,0.2,0,15.5,個,ザクロ
果実類,すいか,41,89.6,0.6,0.1,9.5,個,スイカ
果実類,スターフルーツ,30,91.4,0.7,0.1,7.5,個,すたーふるーつ
果実類,ドラゴンフルーツ,52,85.7,1.4,0.3,11.8,個,どらごんふるーつ
果実類,パインアップル,54,85.2,0.6,0.1,13.7,個,ぱいんあっぷる
果実類,バナナ,93,75.4,1.1,0.2,22.5,個,ばなな
果実類,パパイア,33,89.2,0.5,0.2,9.5,個,ぱぱいあ
果実類,びわ,41,88.6,0.3,0.1,10.6,個,びわ
果実類,シャインマスカット,61,82.5,0.7,0.2,16.1,個,しゃいんますかっと
果実類,ぶどう,58,83.5,0.4,0.1,15.7,個,ブドウ
果実類,ブルーベリー,48,86.4,0.5,0.1,12.9,個,ぶるーべりー
果実類,マンゴー,68,82,0.6,0.1,16.9,個,まんごー
果実類,メロン,40,87.8,1.1,0.1,10.3,個,めろん
果実類,ライチー,61,82.1,1,0.1,16.4,個,らいちー
果実類,ラズベリー,36,88.2,1.1,0.1,10.2,個,らずべりー
果実類,りんご,53,84.1,0.1,0.2,15.5,個,リンゴ
きのこ類,きくらげ,216,14.9,7.9,2.1,71.1,"パック,g",キクラゲ
きのこ類,ぶなしめじ,26,91.1,2.7,0.5,4.8,"パック,g",ブナシメジ
きのこ類,エリンギ,31,90.2,2.8,0.4,6,"パック,g",えりんぎ
きのこ類,ひらたけ,34,89.4,3.3,0.3,6.2,"パック,g",ヒラタケ
きのこ類,えのきたけ,34,88.6,2.7,0.2,7.6,"パック,g",エノキダケ
きのこ類,乾燥しいたけ,258,9.1,21.2,2.8,62.5,"枚,g",かんそうシイタケ
きのこ類,生しいたけ,25,89.6,3.1,0.3,6.4,"枚,g",なまシイタケ
きのこ類,なめこ,21,92.1,1.8,0.2,5.4,"パック,g",ナメコ
きのこ類,まいたけ,22,92.7,2,0.5,4.4,"パック,g",マイタケ
きのこ類,マッシュルーム,15,93.9,2.9,0.3,2.1,"パック,g",まっしゅるーむ
きのこ類,松茸,32,88.3,2,0.6,8.2,"本,g",まつたけマツタケ
藻類,昆布,170,9.5,5.8,1.3,64.3,g,こんぶコンブ
藻類,もずく,7,96.7,0.3,0.2,2,g,モズク
藻類,あおさ,201,16.9,22.1,0.6,41.7,"大さじ,小さじ,g",アオサ
藻類,いわのり,228,8.4,34.8,0.7,39.1,"枚,g",イワノリ
藻類,うみぶどう,6,97,0.5,0.1,1.2,g,ウミブドウ
藻類,乾燥ひじき,180,6.5,9.2,3.2,58.4,g,かんそうヒジキ
藻類,カットわかめ,186,9.2,17.9,4,42.1,g,かっとワカメ
藻類,乾燥わかめ,172,11.3,14.4,2.6,39.6,"片,g",かんそうわかめ
藻類,わかめ,24,89,1.9,0.2,5.6,g,わかめ
魚介類,いか,81,79.3,17.9,1.5,0,"杯,g",イカ
魚介類,するめいか,76,80.2,17.9,0.8,0.1,"枚,g",スルメイカ
魚介類,ほたるいか,74,83,11.8,3.5,0.2,"杯,g",ホタルイカ
魚介類,やりいか,79,79.7,17.6,1,0.4,"杯,g",ヤリイカ
魚介類,いいだこ,64,83.2,14.6,0.8,0.1,"杯,g",イイダコ
魚介類,たこ,70,81.1,16.1,0.9,0.2,"杯,g",タコ
魚介類,あまえび,85,78.2,19.8,1.5,0.1,"尾,g",アマエビ
魚介類,いせえび,86,76.6,20.9,0.4,0,"尾,g",イセエビ
魚介類,くるまえび,90,76.1,21.6,0.6,0,"尾,g",クルマエビ
魚介類,さくらえび,78,78.9,16.6,2,0.1,"尾,g",サクラエビ
魚介類,大正エビ,89,76.3,21.7,0.3,0.1,"尾,g",たいしょうエび
魚介類,ずわいがに,59,84,13.9,0.4,0.1,"杯,g",ズワイガニ
魚介類,毛がに,67,81.9,15.8,0.5,0.2,"杯,g",ケガニ
魚介類,うに,109,73.8,16,4.8,3.3,"大さじ,小さじ,g",ウニ
魚介類,ほや,27,88.8,5,0.8,0.8,"匹,g",ホヤ
魚介類,はまぐり,35,88.8,6.1,0.6,1.8,"枚,g",ハマグリ
魚介類,あさり,29,90.3,5.7,0.7,0.4,"個,g",アサリ
魚介類,あわび　干し,257,27.9,38,1.6,23.8,"個,g",あわび
魚介類,かき,58,85,6.9,2.2,4.9,"個,g",かきカキ
魚介類,さざえ,83,78,19.4,0.4,0.8,"個,g",サザエ
魚介類,しじみ,54,86,7.5,1.4,4.5,"個,g",シジミ
魚介類,つぶ貝,82,78.2,17.8,0.2,2.3,"個,g",ツブガイかい
魚介類,とり貝,81,78.6,12.9,0.3,6.9,"個,g",とりがいかい
魚介類,ばい貝,81,78.5,16.3,0.6,3.1,"個,g",ばいがいかい
魚介類,貝柱,82,78.4,16.9,0.3,3.5,"個,g",かいばしら
魚介類,ホタテ　水煮,89,76.8,17.6,1.9,1.9,"個,g",ほたて
魚介類,ほたて,66,82.3,13.5,0.9,1.5,"個,g",ほたて
魚介類,まあじ,112,75.1,19.7,4.5,0.1,尾,まあじ
魚介類,釜揚げしらす,84,77.4,17.6,1.7,0,g,かまあげしらす
魚介類,生しらす,67,81.8,15,1.3,0.1,g,しらす
魚介類,しらす干し,113,67.5,24.5,2.1,0.1,g,しらす
魚介類,いわし,156,68.9,19.2,9.2,0.2,尾,イワシ
魚介類,めざし,206,59,18.2,18.9,0.5,尾,メザシ
魚介類,まかじき,107,73.8,23.1,1.8,0.1,尾,マカジキ
魚介類,めかじき,139,72.2,19.2,7.6,0.1,尾,メカジキ
魚介類,秋かつお,150,67.3,25,6.2,0.2,尾,あきかつお
魚介類,春かつお,108,72.2,25.8,0.5,0.1,尾,はるかつお
魚介類,かつお節,332,15.2,77.1,2.9,0.8,g,カツオぶし
魚介類,かれい,89,77.8,19.6,1.3,0.1,尾,カレイ
魚介類,たいせいようさけ,218,62.1,20.1,16.5,0.1,尾,サケ
魚介類,にじます,201,63,21.4,14.2,0.1,尾,ニジマス
魚介類,べにさけ,127,71.4,22.5,4.5,0.1,尾,ベニサケ
魚介類,ますのすけ,176,66.5,19.5,12.5,0,尾,マスノサケ
魚介類,たいせいようさば,295,54.5,17.2,26.8,0.4,尾,さば
魚介類,まさば,211,62.1,20.6,16.8,0.3,尾,マキバ
魚介類,さば缶詰　水煮,174,66,20.9,10.7,0.2,g,さば
魚介類,ししゃも,152,67.6,21,8.1,0.2,尾,シシャモ
魚介類,きだい,100,76.9,18.6,3.1,0.2,尾,キダイ
魚介類,くろだい,137,71.4,20.4,6.7,0.3,尾,クロダイ
魚介類,まだい,129,72.2,20.6,5.8,0.1,尾,マダイ
魚介類,すけとうだら,72,81.6,17.4,1,0.1,尾,スケトウダラ
魚介類,まだら,72,80.9,17.6,0.2,0.1,尾,マダラ
魚介類,とらふぐ,80,78.9,19.3,0.3,0.2,尾,トラフグ
魚介類,きはだ,102,74,24.3,1,0,尾,キハダ
魚介類,くろまぐろ　赤身,115,70.4,26.4,1.4,0.1,尾,クロマグロ
魚介類,備長まぐろ　,111,71.8,26,0.7,0.2,尾,びんちょうまぐろ
魚介類,めばち,115,72.2,25.4,2.3,0.3,尾,めばち
魚介類,あいなめ,105,76,19.1,3.4,0.1,尾,ｱｲﾅﾒ
魚介類,あこうだい,86,79.8,16.8,2.3,0.1,尾,アコウダイ
魚介類,あなご,146,72.2,17.3,9.3,0,尾,アナゴ
魚介類,あまだい,102,76.5,18.8,3.6,0,尾,アマダイ
魚介類,あゆ,93,77.7,18.3,2.4,0.1,尾,アユ
魚介類,いかなご,111,74.2,17.2,5.5,0.1,尾,イカナゴ
魚介類,いさき,116,75.8,17.2,5.7,0.1,尾,イサキ
魚介類,いわな,101,76.1,19,3.6,0.1,尾,イワナ
魚介類,うなぎ,228,62.1,17.1,19.3,0.3,尾,ウナギ
魚介類,かさご,83,79.1,19.3,1.1,0.1,尾,カサゴ
魚介類,かわはぎ,77,79.9,18.8,0.4,0,尾,カワハギ
魚介類,かんぱち,119,73.3,21,4.2,0.1,尾,カンパチ
魚介類,きす,73,80.8,18.5,0.2,0,尾,キス
魚介類,ぎんだら,210,67.4,13.6,18.6,0,尾,ギンダラ
魚介類,さより,88,77.9,19.6,1.3,0,尾,サヨリ
魚介類,さわら,161,68.6,20.1,9.7,0.1,尾,サワラ
魚介類,さんま,287,55.6,18.1,25.6,0.1,尾,サンマ
魚介類,しまあじ,153,68.9,21.9,8,0.1,尾,シマアジ
魚介類,しらうお,70,82.6,13.6,2,0.1,尾,シラウオ
魚介類,すずき,113,74.8,19.8,4.2,0,尾,スズキ
魚介類,どじょう,72,79.1,16.1,1.2,0,尾,ドジョウ
魚介類,にしん,196,66.1,17.4,15.1,0.1,尾,ニシン
魚介類,はぜ,78,79.4,19.1,0.2,0.1,尾,ハゼ
魚介類,はも,132,71,22.3,5.3,0,尾,ハモ
魚介類,いらまさ,128,71.1,22.6,4.9,0.1,尾,イラマサ
魚介類,ひらめ,96,76.8,20,2,0,尾,ヒラメ
魚介類,はまち,217,61.5,20.7,17.2,0.3,尾,ハマチ
魚介類,ぶり,222,59.6,21.4,17.6,0.3,尾,ブリ
魚介類,ほっけ,103,77.1,17.3,4.4,0.1,尾,ホッケ
魚介類,ぼら,119,74.7,19.2,5,0.1,尾,ボラ
魚介類,むつ,175,69.7,16.7,12.6,0,尾,ムツ
魚介類,めばる,100,77.2,18.1,3.5,0,尾,メバル
魚介類,わかさぎ,71,81.8,14.4,1.7,0.1,尾,ワカサギ
魚介類,かにかま,89,75.6,12.1,0.5,9.2,個,カニカマ
肉類,さつま揚げ,116,70,11.3,2.4,12.6,枚,さつまあげ
魚介類,かまぼこ,89,75.8,12,0.8,8.7,枚,カマボコ
魚介類,だて巻,190,58.8,14.6,7.5,17.6,枚,ダテマキ
魚介類,なると,80,77.8,7.6,0.4,11.6,枚,ナルト
肉類,はんぺん,93,75.7,9.9,1,11.4,個,ハンペン
肉類,魚肉ソーセージ,158,66.1,11.5,7.2,12.6,"本,g",ぎょにくそーせーじ
肉類,魚肉ハム,155,66,13.4,6.7,11.1,"枚,g",ぎょにくはむ
魚介類,はんぺん,119,70.4,11.2,2.9,13.7,枚,ハンペン
魚介類,ちくわ,107,70.2,13.2,0.4,13.3,本,チクワ
肉類,いのしし,249,60.1,18.8,19.8,0.5,g,イノシシ
肉類,牛　挽肉,251,61.4,17.1,21.1,0.3,g,あいびき
肉類,牛　かた　,258,58.8,17.7,22.3,0.3,g,かた
肉類,牛　かたロース,380,47.9,13.8,37.4,0.2,g,かたろーす
肉類,牛　ばら,472,38.4,11,50,0.1,g,ばら
肉類,牛　ヒレ,207,64.6,19.1,15,0.3,g,ひれ
肉類,牛　もも,235,61.2,19.2,18.7,0.5,g,ももモモ
肉類,牛　ランプ,319,53.8,15.1,29.9,0.4,g,らんぷ
肉類,牛　リブロース,514,34.5,9.7,56.5,0.1,g,りぶろーす
肉類,牛　サーロイン,502,36.1,10.3,54.4,0.1,g,さーろいん
肉類,ウインナーソーセージ,319,52.3,11.5,30.6,3.3,g,ういんなーそーせーじ
肉類,フランクフルトソーセージ,295,54,12.7,24.7,6.2,g,ふらんくるると
肉類,ボンレスハム,115,72,18.7,4,1.8,g,ぼんれすはむ
肉類,ロースハム,211,61.1,18.6,14.5,2,g,ろーすはむ
肉類,骨付きハム,208,62.9,16.7,16.6,0.8,g,ほねつきはむ
肉類,生ハム,243,55,24,16.6,0.5,g,なまはむ
肉類,豚　挽肉,209,64.8,17.7,17.2,0.1,g,ひきにく
肉類,ベーコン,244,58.8,15.4,19.4,3.2,g,べーこん
肉類,豚　かた　赤身,114,74,20.9,3.8,0.2,g,かた
肉類,豚　ばら,366,49.4,14.4,35.4,0.1,g,ばら
肉類,豚　ヒレ,118,73.4,22.2,3.7,0.3,g,ひれ
肉類,豚　もも,171,68.1,20.5,10.2,0.2,g,ももモモ
肉類,豚　ロース,248,60.4,19.3,19.2,0.2,g,ろーすはむ
肉類,鶏　むね肉,229,62.6,19.5,17.2,0,g,むね
肉類,鶏　もも肉,234,62.9,17.3,19.1,0,g,ももモモ
肉類,鶏　手羽,182,66,23,10.4,0,g,てば
肉類,鶏　ささみ,107,73.2,24.6,1.1,0,g,ささみ
卵類,たまご,142,75,12.2,10.2,0.4,個,タマゴ
乳類,クリーム,404,48.2,1.9,43,6.5,g,くりーむ
乳類,ホイップクリーム,409,44.3,1.8,40.7,12.9,g,ほいっぷくりーむ
乳類,カテージチーズ,99,79,13.3,4.5,1.9,g,かてーじちーず
乳類,カマンベールチーズ,291,51.8,19.1,24.7,0.9,g,かまんべーる
乳類,チェダーチーズ,390,35.3,25.7,33.8,1.4,g,ちぇだー
乳類,パルメザンチーズ,445,15.4,44,30.8,1.9,g,ぱるめざん
乳類,マスカルポーネチーズ,273,62.4,4.4,28.2,4.3,g,ますかるぽーね
乳類,モッッツアレラチーズ,269,56.3,18.4,19.9,4.2,g,もっつぁれら
乳類,プロセスチーズ,313,45,22.7,26,1.3,g,ぷろせす
乳類,加工乳,70,86.3,3.4,4.2,5.3,ml,かこうにゅう
乳類,牛乳,61,87.4,3.3,3.8,4.8,ml,ぎゅうにゅう